"id","slug","name","area","nearest","signature","tags","mood","feature","confirmationStatus","businessHours","regularHoliday","sourceUrl","mapUrl","lat","lng","imageUrl","imageAlt","imageCredit","imageSourceUrl","imageSourceType","imageAcquireStatus","imageUsagePlan","imageWanted"
"1","asakusa-umezono-honten","浅草梅園 浅草本店","浅草","浅草駅","あわぜんざい、あんみつ","老舗,観光向き,あんみつ,浅草","浅草寺周辺の散策と合わせやすい、江戸情緒のある甘味専門店","元祖あわぜんざいとあんみつを軸に紹介しやすい老舗。","施設公式確認済み","10:00〜19:00","月2回、水曜日、不定休","https://asakusaumezono.foodre.jp/","https://www.google.com/maps/search/?api=1&query=%E6%B5%85%E8%8D%89%E6%A2%85%E5%9C%92%20%E6%B5%85%E8%8D%89%E6%9C%AC%E5%BA%97%20%E6%B5%85%E8%8D%89","35.711","139.796","","浅草梅園 浅草本店の店舗外観、あわぜんざい、あんみつの写真","画像準備中","https://asakusaumezono.foodre.jp/","公式画像候補","許諾確認待ち","公式サイトまたは公式店舗ページの画像を候補元にし、掲載許諾が取れたらローカル保存して使用","店舗外観、あわぜんざい、あんみつ"
"2","funawa-honten-kissashitsu","舟和本店 喫茶室","浅草","浅草駅","あんみつ、みつ豆、芋ようかん","老舗,観光向き,あんみつ,浅草","浅草観光の定番休憩先として使いやすい、レトロな喫茶室","明治35年創業の和菓子老舗。浅草エリアの定番候補。","第三者確認済み","喫茶 10:30〜19:00、L.O.18:30","無休","https://funawa.jp/","https://www.google.com/maps/search/?api=1&query=%E8%88%9F%E5%92%8C%E6%9C%AC%E5%BA%97%20%E5%96%AB%E8%8C%B6%E5%AE%A4%20%E6%B5%85%E8%8D%89","35.711","139.794","","舟和本店喫茶室の店内または芋ようかんの写真","画像準備中","https://funawa.jp/","公式画像候補","許諾確認待ち","公式サイトまたは公式店舗ページの画像を候補元にし、掲載許諾が取れたらローカル保存して使用","喫茶室、芋ようかん、あんみつ"
"3","mihashi-ueno-honten","あんみつ みはし 上野本店","上野","上野駅、京成上野駅","あんみつ、クリームあんみつ","老舗,駅近,あんみつ,上野","上野公園や美術館、動物園帰りに立ち寄りやすい甘味処","上野公園前のあんみつ専門店。認知度の高い定番枠。","公式確認済み","10:30〜21:00、L.O.20:30","不定休","https://www.mihashi.co.jp/about/shop.html","https://www.google.com/maps/search/?api=1&query=%E3%81%82%E3%82%93%E3%81%BF%E3%81%A4%20%E3%81%BF%E3%81%AF%E3%81%97%20%E4%B8%8A%E9%87%8E%E6%9C%AC%E5%BA%97%20%E4%B8%8A%E9%87%8E","35.71","139.773","","みはしのあんみつまたは店舗外観の写真","画像準備中","https://www.mihashi.co.jp/about/shop.html","公式画像候補","許諾確認待ち","公式サイトまたは公式店舗ページの画像を候補元にし、掲載許諾が取れたらローカル保存して使用","あんみつ、店舗外観"
"4","mitsubachi-yushima","甘味処 みつばち","湯島・上野","湯島駅","小倉アイス、黒蜜系甘味","老舗,黒蜜,一人向き,上野","湯島天神や上野方面の散策と相性がよい、気軽な甘味処","創業100年の歴史を打ち出す黒蜜の店。甘味処らしい王道感がある。","公式確認済み","要確認","要確認","https://www.mitsubachi-co.com/","https://www.google.com/maps/search/?api=1&query=%E7%94%98%E5%91%B3%E5%87%A6%20%E3%81%BF%E3%81%A4%E3%81%B0%E3%81%A1%20%E6%B9%AF%E5%B3%B6%E3%83%BB%E4%B8%8A%E9%87%8E","35.707","139.768","","小倉アイス、黒蜜、店舗外観の写真","画像準備中","https://www.mitsubachi-co.com/","公式画像候補","許諾確認待ち","公式サイトまたは公式店舗ページの画像を候補元にし、掲載許諾が取れたらローカル保存して使用","小倉アイス、黒蜜、店舗外観"
"5","funabashiya-kameido-tenjinmae","船橋屋 亀戸天神前本店","亀戸","亀戸駅、錦糸町駅","元祖くず餅、あんみつ","老舗,くず餅,喫茶あり,下町","亀戸天神参拝と合わせやすい、落ち着いた和の休憩スポット","文化二年創業の発酵和菓子の老舗。","公式確認済み","テイクアウト 9:00〜18:00 / イートイン 11:00〜17:00 L.O.","無休","https://www.funabashiya.co.jp/accessmap/shop01.php","https://www.google.com/maps/search/?api=1&query=%E8%88%B9%E6%A9%8B%E5%B1%8B%20%E4%BA%80%E6%88%B8%E5%A4%A9%E7%A5%9E%E5%89%8D%E6%9C%AC%E5%BA%97%20%E4%BA%80%E6%88%B8","35.7","139.819","","船橋屋のくず餅または亀戸天神前本店の写真","画像準備中","https://www.funabashiya.co.jp/accessmap/shop01.php","公式画像候補","許諾確認待ち","公式サイトまたは公式店舗ページの画像を候補元にし、掲載許諾が取れたらローカル保存して使用","くず餅、亀戸天神前本店外観"
"6","kanmidokoro-irie","甘味処 いり江","門前仲町","門前仲町駅","あんみつ、豆かん、寒天","あんみつ,豆かん,下町,食事あり","深川・門前仲町散策の休憩に向く、寒天に強い甘味処","素材にこだわったあんみつと食事メニューを訴求できる。","公式確認済み","11:00〜18:30、L.O.18:00","水曜日。一部縁日は営業","https://www.kanmidokoro-irie.com/","https://www.google.com/maps/search/?api=1&query=%E7%94%98%E5%91%B3%E5%87%A6%20%E3%81%84%E3%82%8A%E6%B1%9F%20%E9%96%80%E5%89%8D%E4%BB%B2%E7%94%BA","35.672","139.797","","甘味処いり江のあんみつ、豆かん、店内の写真","画像準備中","https://www.kanmidokoro-irie.com/","公式画像候補","許諾確認待ち","公式サイトまたは公式店舗ページの画像を候補元にし、掲載許諾が取れたらローカル保存して使用","あんみつ、豆かん、店内"
"7","toraya-karyo-akasaka","虎屋菓寮 赤坂店","赤坂","赤坂見附駅、永田町駅","あんみつ、お汁粉、季節の和菓子","老舗,高級,あんみつ,赤坂","落ち着いた和菓子体験や接待寄りの休憩に向く上質な菓寮","とらや赤坂店内の菓寮。高単価だがブランド力が高い。","公式確認済み","11:00〜17:30、L.O.17:00","毎月6日、12月を除く","https://www.toraya-group.co.jp/toraya/shops/detail/?id=5","https://www.google.com/maps/search/?api=1&query=%E8%99%8E%E5%B1%8B%E8%8F%93%E5%AF%AE%20%E8%B5%A4%E5%9D%82%E5%BA%97%20%E8%B5%A4%E5%9D%82","35.678","139.735","","虎屋菓寮の店内または季節の和菓子の写真","画像準備中","https://www.toraya-group.co.jp/toraya/shops/detail/?id=5","公式画像候補","許諾確認待ち","公式サイトまたは公式店舗ページの画像を候補元にし、掲載許諾が取れたらローカル保存して使用","菓寮の店内、季節の和菓子"
"8","kikumaru-asakusa","甘味茶房 菊丸","浅草・かっぱ橋","田原町駅、浅草駅","あんみつ、かき氷、食事メニュー","下町,かき氷,食事あり,浅草","下町の小さな甘味処。かっぱ橋散策の休憩にも使いやすい","甘味だけでなく休憩需要を拾える。","公式確認済み","要確認","要確認","https://kanmidokoro-kikumaru.com/","https://www.google.com/maps/search/?api=1&query=%E7%94%98%E5%91%B3%E8%8C%B6%E6%88%BF%20%E8%8F%8A%E4%B8%B8%20%E6%B5%85%E8%8D%89%E3%83%BB%E3%81%8B%E3%81%A3%E3%81%B1%E6%A9%8B","35.712","139.789","","甘味茶房菊丸の店内、あんみつ、かき氷の写真","画像準備中","https://kanmidokoro-kikumaru.com/","公式画像候補","許諾確認待ち","公式サイトまたは公式店舗ページの画像を候補元にし、掲載許諾が取れたらローカル保存して使用","店内、あんみつ、かき氷"
"9","funabashiya-koyomi-hiroo","船橋屋こよみ 広尾店","広尾","広尾駅","くず餅、和スイーツ","老舗系列,くず餅,広尾,落ち着き","広尾エリアで和スイーツを探す人向けの落ち着いた候補","船橋屋系列の甘味を都心西側でも紹介できる。","公式確認済み","要確認","要確認","https://www.funabashiya.jp/hpgen/HPB/entries/35.html","https://www.google.com/maps/search/?api=1&query=%E8%88%B9%E6%A9%8B%E5%B1%8B%E3%81%93%E3%82%88%E3%81%BF%20%E5%BA%83%E5%B0%BE%E5%BA%97%20%E5%BA%83%E5%B0%BE","35.65","139.722","","船橋屋こよみ広尾店のくず餅、外観の写真","画像準備中","https://www.funabashiya.jp/hpgen/HPB/entries/35.html","公式画像候補","許諾確認待ち","公式サイトまたは公式店舗ページの画像を候補元にし、掲載許諾が取れたらローカル保存して使用","くず餅、広尾店の外観"
"10","ginza-tatsutano-jiyugaoka","銀座立田野 自由が丘店","自由が丘","自由が丘駅","あんみつ、豆かんてん","老舗,あんみつ,自由が丘,復活店","自由が丘で買い物ついでに寄れる、老舗復活系の甘味候補","明治28年創業のあんみつを継承。","第三者確認済み","11:00〜20:00、L.O.19:00","無休","https://www.ginzatatsutano.com/","https://www.google.com/maps/search/?api=1&query=%E9%8A%80%E5%BA%A7%E7%AB%8B%E7%94%B0%E9%87%8E%20%E8%87%AA%E7%94%B1%E3%81%8C%E4%B8%98%E5%BA%97%20%E8%87%AA%E7%94%B1%E3%81%8C%E4%B8%98","35.608","139.669","","銀座立田野自由が丘店のあんみつ、豆かんてん、店舗外観の写真","画像準備中","https://www.ginzatatsutano.com/","公式画像候補","許諾確認待ち","公式サイトまたは公式店舗ページの画像を候補元にし、掲載許諾が取れたらローカル保存して使用","あんみつ、豆かんてん、店舗外観"
"11","kinozen-kagurazaka","紀の善 神楽坂","神楽坂","飯田橋駅、神楽坂駅","抹茶ババロア、あんみつ","老舗,復活店,神楽坂,抹茶","神楽坂散策と合わせたい、話題性のある甘味処","復活の話題性が強い候補。","記事確認済み","要確認","要確認","https://en.kaguramura.jp/report/kinozen/","https://www.google.com/maps/search/?api=1&query=%E7%B4%80%E3%81%AE%E5%96%84%20%E7%A5%9E%E6%A5%BD%E5%9D%82%20%E7%A5%9E%E6%A5%BD%E5%9D%82","35.701","139.741","","紀の善神楽坂の店舗外観、抹茶ババロアの写真","画像準備中","https://en.kaguramura.jp/report/kinozen/","自前撮影推奨","撮影待ち","店外観、看板、注文品を自前撮影して public/images/shops に保存","神楽坂の店舗外観、抹茶ババロア"
"12","hatsune-ningyocho","甘味処 初音","人形町・水天宮","水天宮前駅、人形町駅","あんみつ、みつまめ、お雑煮","老舗,あんみつ,食事あり,日本橋","人形町散策と合わせやすい、江戸から続く老舗甘味処","甘味と軽食の両方で使える。","第三者確認済み","要確認","要確認","https://tabelog.com/tokyo/A1302/A130204/13003045/","https://www.google.com/maps/search/?api=1&query=%E7%94%98%E5%91%B3%E5%87%A6%20%E5%88%9D%E9%9F%B3%20%E4%BA%BA%E5%BD%A2%E7%94%BA%E3%83%BB%E6%B0%B4%E5%A4%A9%E5%AE%AE","35.684","139.785","","甘味処初音の人形町の店舗外観、あんみつの写真","画像準備中","https://tabelog.com/tokyo/A1302/A130204/13003045/","自前撮影推奨","撮影待ち","店外観、看板、注文品を自前撮影して public/images/shops に保存","人形町の店舗外観、あんみつ"
"13","amanoya-kandamyojin","天野屋","神田明神","御茶ノ水駅、末広町駅","甘酒、くず餅、氷甘酒","老舗,甘酒,神田,レトロ","神田明神参拝と合わせやすい、江戸情緒のある甘酒茶屋","糀甘酒と甘味で差別化できる。","公式確認済み","要確認","要確認","https://www.amanoya.jp/","https://www.google.com/maps/search/?api=1&query=%E5%A4%A9%E9%87%8E%E5%B1%8B%20%E7%A5%9E%E7%94%B0%E6%98%8E%E7%A5%9E","35.702","139.768","","天野屋の甘酒、神田明神前の外観の写真","画像準備中","https://www.amanoya.jp/","公式画像候補","許諾確認待ち","公式サイトまたは公式店舗ページの画像を候補元にし、掲載許諾が取れたらローカル保存して使用","甘酒、神田明神前の外観"
"14","tsuruse-yushima","つる瀬 本店","湯島","湯島駅","豆大福、あんみつ、和菓子","老舗,和菓子,湯島,一人向き","湯島で和菓子と甘味を楽しめる、昔ながらの候補","和菓子店併設の甘味利用として紹介しやすい。","公式確認済み","店頭 9:30〜19:00、日祝18:00まで / 喫茶 11:00〜18:00","月曜日、祝日の場合は火曜日振替","https://tsuruse.jp/","https://www.google.com/maps/search/?api=1&query=%E3%81%A4%E3%82%8B%E7%80%AC%20%E6%9C%AC%E5%BA%97%20%E6%B9%AF%E5%B3%B6","35.707","139.769","","つる瀬本店の豆大福、喫茶、店舗外観の写真","画像準備中","https://tsuruse.jp/","公式画像候補","許諾確認待ち","公式サイトまたは公式店舗ページの画像を候補元にし、掲載許諾が取れたらローカル保存して使用","豆大福、喫茶、店舗外観"
"15","kosoan-jiyugaoka","古桑庵","自由が丘","自由が丘駅","抹茶白玉ぜんざい、あんみつ","古民家,抹茶,自由が丘,落ち着き","日本庭園を眺めながら和スイーツを楽しめる古民家茶房","自由が丘の散策導線に合う、雰囲気重視の甘味候補。","公式確認済み","要確認","要確認","https://kosoan.co.jp/","https://www.google.com/maps/search/?api=1&query=%E5%8F%A4%E6%A1%91%E5%BA%B5%20%E8%87%AA%E7%94%B1%E3%81%8C%E4%B8%98","35.609","139.671","","古桑庵の古民家外観、庭、抹茶白玉ぜんざいの写真","画像準備中","https://kosoan.co.jp/","公式画像候補","許諾確認待ち","公式サイトまたは公式店舗ページの画像を候補元にし、掲載許諾が取れたらローカル保存して使用","古民家外観、庭、抹茶白玉ぜんざい"
"16","saryo-tsujiri-daimaru-tokyo","茶寮都路里 大丸東京店","東京駅","東京駅","抹茶パフェ、抹茶スイーツ","抹茶,駅近,東京駅,パフェ","東京駅直結で使いやすい、京都発の抹茶甘味処","旅行者や買い物客向けの駅近抹茶パフェ枠。","施設公式確認済み","大丸東京店の営業時間に準ずる","施設に準ずる","https://www.giontsujiri.co.jp/store/tokyo-daimaru/","https://www.google.com/maps/search/?api=1&query=%E8%8C%B6%E5%AF%AE%E9%83%BD%E8%B7%AF%E9%87%8C%20%E5%A4%A7%E4%B8%B8%E6%9D%B1%E4%BA%AC%E5%BA%97%20%E6%9D%B1%E4%BA%AC%E9%A7%85","35.681","139.767","","茶寮都路里 大丸東京店の雰囲気がわかる写真。候補: 抹茶パフェ、店内、店舗入口","画像準備中","https://www.daimaru.co.jp/tokyo/restaurant/10f_cafe_tsujiri.html","施設公式画像候補","許諾確認待ち","商業施設の店舗ページ画像を候補元にし、施設側の利用条件を確認してから使用","抹茶パフェ、店内、店舗入口"
"17","saryo-suisen-shinjuku","茶寮翠泉 新宿店","新宿","新宿駅","抹茶パフェ、わらび餅","抹茶,新宿,パフェ,駅近","新宿で本格抹茶スイーツを探す人向け","京都発・宇治抹茶の甘味処。","公式確認済み","11:00〜20:00、L.O.19:30","なし、施設に準ずる","https://saryo-suisen.com/shop/shinjuku/","https://www.google.com/maps/search/?api=1&query=%E8%8C%B6%E5%AF%AE%E7%BF%A0%E6%B3%89%20%E6%96%B0%E5%AE%BF%E5%BA%97%20%E6%96%B0%E5%AE%BF","35.69","139.7","","茶寮翠泉 新宿店の雰囲気がわかる写真。候補: 抹茶パフェ、わらび餅、店内","画像準備中","https://saryo-suisen.com/shop/shinjuku/","公式画像候補","許諾確認待ち","公式サイトまたは公式店舗ページの画像を候補元にし、掲載許諾が取れたらローカル保存して使用","抹茶パフェ、わらび餅、店内"
"18","saryo-suisen-shibuya-parco","茶寮翠泉 渋谷パルコ店","渋谷","渋谷駅","抹茶パフェ、抹茶スイーツ","抹茶,渋谷,パフェ,商業施設","渋谷PARCO内で立ち寄りやすい抹茶スイーツ店","若年層・観光客にも見つけてもらいやすい。","公式確認済み","11:30〜22:00、L.O.21:15","なし、施設に準ずる","https://saryo-suisen.com/shop/shibuya/","https://www.google.com/maps/search/?api=1&query=%E8%8C%B6%E5%AF%AE%E7%BF%A0%E6%B3%89%20%E6%B8%8B%E8%B0%B7%E3%83%91%E3%83%AB%E3%82%B3%E5%BA%97%20%E6%B8%8B%E8%B0%B7","35.662","139.699","","茶寮翠泉 渋谷パルコ店の雰囲気がわかる写真。候補: 渋谷店の店内、抹茶スイーツ","画像準備中","https://saryo-suisen.com/shop/shibuya/","公式画像候補","許諾確認待ち","公式サイトまたは公式店舗ページの画像を候補元にし、掲載許諾が取れたらローカル保存して使用","渋谷店の店内、抹茶スイーツ"
"19","saryo-suisen-tobu-ikebukuro","茶寮翠泉 東武池袋店","池袋","池袋駅","抹茶パフェ、抹茶ラテ","抹茶,池袋,駅近,商業施設","池袋駅直結で使いやすい抹茶甘味候補","東武百貨店内でアクセスのよい抹茶スイーツ枠。","公式確認済み","11:00〜22:00、L.O.21:30","なし、施設に準ずる","https://saryo-suisen.com/shop/ikebukuro/","https://www.google.com/maps/search/?api=1&query=%E8%8C%B6%E5%AF%AE%E7%BF%A0%E6%B3%89%20%E6%9D%B1%E6%AD%A6%E6%B1%A0%E8%A2%8B%E5%BA%97%20%E6%B1%A0%E8%A2%8B","35.73","139.711","","茶寮翠泉 東武池袋店の雰囲気がわかる写真。候補: 池袋東武店の店内、抹茶パフェ","画像準備中","https://saryo-suisen.com/shop/ikebukuro/","公式画像候補","許諾確認待ち","公式サイトまたは公式店舗ページの画像を候補元にし、掲載許諾が取れたらローカル保存して使用","池袋東武店の店内、抹茶パフェ"
"20","kuriya-otona-kurogi","廚 otona くろぎ","上野・御徒町","御徒町駅、上野広小路駅","和パフェ、かき氷、和菓子","高級,かき氷,上野,和カフェ","上野松坂屋エリアで上質な和スイーツを楽しめる","日本料理の感性を取り入れた大人向け和カフェ枠。","施設公式確認済み","10:00〜21:00、L.O.閉店1時間前","施設に準ずる","https://parcoya-ueno.parco.jp/shop/detail/?cd=028286","https://www.google.com/maps/search/?api=1&query=%E5%BB%9A%20otona%20%E3%81%8F%E3%82%8D%E3%81%8E%20%E4%B8%8A%E9%87%8E%E3%83%BB%E5%BE%A1%E5%BE%92%E7%94%BA","35.707","139.774","","廚 otona くろぎの雰囲気がわかる写真。候補: 和パフェ、かき氷、店舗空間","画像準備中","https://parcoya-ueno.parco.jp/shop/detail/?cd=028286","施設公式画像候補","許諾確認待ち","商業施設の店舗ページ画像を候補元にし、施設側の利用条件を確認してから使用","和パフェ、かき氷、店舗空間"
"21","hayashiya-shinbee-hibiya","林屋新兵衛 日比谷店","日比谷","日比谷駅、有楽町駅","抹茶パフェ、抹茶スイーツ","抹茶,日比谷,高級,商業施設","日比谷で大人向けの抹茶甘味を楽しめる","茶舗系の抹茶スイーツとして、都心の上質枠。","公式確認済み","11:00〜22:00、L.O.21:00","施設に準ずる","https://kyo-hayashiya.jp/shoplist/hibiya/","https://www.google.com/maps/search/?api=1&query=%E6%9E%97%E5%B1%8B%E6%96%B0%E5%85%B5%E8%A1%9B%20%E6%97%A5%E6%AF%94%E8%B0%B7%E5%BA%97%20%E6%97%A5%E6%AF%94%E8%B0%B7","35.6738","139.7594","","林屋新兵衛 日比谷店の雰囲気がわかる写真。候補: 抹茶パフェ、店舗空間","画像準備中","https://kyo-hayashiya.jp/shoplist/hibiya/","公式画像候補","許諾確認待ち","公式サイトまたは公式店舗ページの画像を候補元にし、掲載許諾が取れたらローカル保存して使用","抹茶パフェ、店舗空間"
"22","fujii-meien-shibuya","京都宇治 藤井茗縁","渋谷","渋谷駅","抹茶パフェ、日本茶、和食","抹茶,渋谷,駅近,食事あり","渋谷フクラスで日本茶と甘味を楽しめる","食事と甘味の両方を扱える。","公式確認済み","11:00〜22:00","施設に準ずる","https://www.dd-holdings.jp/shops/fujii_meien/shibuya","https://www.google.com/maps/search/?api=1&query=%E4%BA%AC%E9%83%BD%E5%AE%87%E6%B2%BB%20%E8%97%A4%E4%BA%95%E8%8C%97%E7%B8%81%20%E6%B8%8B%E8%B0%B7","35.6576","139.7001","","京都宇治 藤井茗縁の雰囲気がわかる写真。候補: 日本茶、抹茶パフェ、渋谷フクラス店内","画像準備中","https://www.dd-holdings.jp/shops/fujii_meien/shibuya","公式画像候補","許諾確認待ち","公式サイトまたは公式店舗ページの画像を候補元にし、掲載許諾が取れたらローカル保存して使用","日本茶、抹茶パフェ、渋谷フクラス店内"
"23","nanas-green-tea-laqua","nana's green tea 東京ドームシティラクーア店","後楽園","後楽園駅、水道橋駅","抹茶パフェ、日本茶ラテ","抹茶,パフェ,商業施設,後楽園","東京ドームシティ利用時に寄りやすい和カフェ","抹茶・日本茶を中心にしたチェーン。","公式確認済み","要確認","施設に準ずる","https://www.nanasgreentea.com/blogs/tokyo/tokyodome-laqua","https://www.google.com/maps/search/?api=1&query=nana%27s%20green%20tea%20%E6%9D%B1%E4%BA%AC%E3%83%89%E3%83%BC%E3%83%A0%E3%82%B7%E3%83%86%E3%82%A3%E3%83%A9%E3%82%AF%E3%83%BC%E3%82%A2%E5%BA%97%20%E5%BE%8C%E6%A5%BD%E5%9C%92","35.7052","139.7523","","nana's green tea 東京ドームシティラクーア店の雰囲気がわかる写真。候補: 抹茶パフェ、店舗入口","画像準備中","https://www.nanasgreentea.com/blogs/tokyo/tokyodome-laqua","公式画像候補","許諾確認待ち","公式サイトまたは公式店舗ページの画像を候補元にし、掲載許諾が取れたらローカル保存して使用","抹茶パフェ、店舗入口"
"24","nanas-green-tea-solamachi","nana's green tea 東京スカイツリータウン・ソラマチ店","押上","押上駅、とうきょうスカイツリー駅","抹茶パフェ、和スイーツ","抹茶,観光向き,商業施設,押上","スカイツリー観光と相性がよい抹茶カフェ","観光導線の強い押上エリア。","第三者確認済み","11:00〜23:00、要再確認","施設に準ずる","https://www.nanasgreentea.com/","https://www.google.com/maps/search/?api=1&query=nana%27s%20green%20tea%20%E6%9D%B1%E4%BA%AC%E3%82%B9%E3%82%AB%E3%82%A4%E3%83%84%E3%83%AA%E3%83%BC%E3%82%BF%E3%82%A6%E3%83%B3%E3%83%BB%E3%82%BD%E3%83%A9%E3%83%9E%E3%83%81%E5%BA%97%20%E6%8A%BC%E4%B8%8A","35.7101","139.8107","","nana's green tea 東京スカイツリータウン・ソラマチ店の雰囲気がわかる写真。候補: 抹茶パフェ、ソラマチ店舗入口","画像準備中","https://www.tokyo-solamachi.jp/shop/","施設公式画像候補","許諾確認待ち","商業施設の店舗ページ画像を候補元にし、施設側の利用条件を確認してから使用","抹茶パフェ、ソラマチ店舗入口"
"25","nanas-green-tea-ueno-marui","nana's green tea 上野マルイ店","上野","上野駅","抹茶パフェ、抹茶ラテ","抹茶,駅近,上野,商業施設","上野駅前で気軽に寄れる抹茶カフェ","閉店済みのため掲載除外候補。","閉店確認済み","閉店済み","閉店済み","https://www.nanasgreentea.com/blogs/tokyo/marui-ueno","https://www.google.com/maps/search/?api=1&query=nana%27s%20green%20tea%20%E4%B8%8A%E9%87%8E%E3%83%9E%E3%83%AB%E3%82%A4%E5%BA%97%20%E4%B8%8A%E9%87%8E","35.712","139.776","","nana's green tea 上野マルイ店の雰囲気がわかる写真。候補: 閉店済みのため画像取得対象外","画像準備中","https://www.nanasgreentea.com/blogs/tokyo/marui-ueno","プレースホルダー","画像未取得","権利確認または撮影が終わるまでプレースホルダーを表示","閉店済みのため画像取得対象外"
"26","nanas-green-tea-lumine-est-shinjuku","nana's green tea ルミネエスト新宿店","新宿","新宿駅","抹茶パフェ、日本茶ラテ","抹茶,駅近,新宿,商業施設","新宿駅直結で使いやすい和カフェ","若年層・買い物客向けの抹茶スイーツ候補。","公式確認済み","11:00〜22:00","施設に準ずる","https://www.nanasgreentea.com/blogs/tokyo/lumine-est-shinjuku","https://www.google.com/maps/search/?api=1&query=nana%27s%20green%20tea%20%E3%83%AB%E3%83%9F%E3%83%8D%E3%82%A8%E3%82%B9%E3%83%88%E6%96%B0%E5%AE%BF%E5%BA%97%20%E6%96%B0%E5%AE%BF","35.691","139.701","","nana's green tea ルミネエスト新宿店の雰囲気がわかる写真。候補: 抹茶パフェ、店舗入口","画像準備中","https://www.nanasgreentea.com/blogs/tokyo/lumine-est-shinjuku","公式画像候補","許諾確認待ち","公式サイトまたは公式店舗ページの画像を候補元にし、掲載許諾が取れたらローカル保存して使用","抹茶パフェ、店舗入口"
"27","nanas-green-tea-kinshicho-termina","nana's green tea 錦糸町テルミナ店","錦糸町","錦糸町駅","抹茶パフェ、和スイーツ","抹茶,駅近,錦糸町,商業施設","錦糸町駅直結で使える抹茶カフェ","東東京側の駅近和カフェとして地図の偏りを補える。","第三者確認済み","要確認","施設に準ずる","https://www.nanasgreentea.com/","https://www.google.com/maps/search/?api=1&query=nana%27s%20green%20tea%20%E9%8C%A6%E7%B3%B8%E7%94%BA%E3%83%86%E3%83%AB%E3%83%9F%E3%83%8A%E5%BA%97%20%E9%8C%A6%E7%B3%B8%E7%94%BA","35.696","139.814","","nana's green tea 錦糸町テルミナ店の雰囲気がわかる写真。候補: 抹茶パフェ、テルミナ店舗入口","画像準備中","https://www.termina.info/","施設公式画像候補","許諾確認待ち","商業施設の店舗ページ画像を候補元にし、施設側の利用条件を確認してから使用","抹茶パフェ、テルミナ店舗入口"
"28","toraya-ginza","TORAYA GINZA","銀座","銀座駅、新橋駅","あんみつ、季節の和菓子","老舗,高級,銀座,あんみつ","銀座で上質な和菓子と甘味を楽しめる菓寮","とらや銀座ビル内の直営店・菓寮。","公式確認済み","11:00〜19:00、喫茶L.O.18:30","元日、毎月第2月曜日","https://www.toraya-group.co.jp/shops/shop-6","https://www.google.com/maps/search/?api=1&query=TORAYA%20GINZA%20%E9%8A%80%E5%BA%A7","35.671","139.764","","TORAYA GINZAの雰囲気がわかる写真。候補: 銀座店内、あんみつ、季節の和菓子","画像準備中","https://www.toraya-group.co.jp/shops/shop-6","公式画像候補","許諾確認待ち","公式サイトまたは公式店舗ページの画像を候補元にし、掲載許諾が取れたらローカル保存して使用","銀座店内、あんみつ、季節の和菓子"
"29","toraya-tokyo","TORAYA TOKYO","東京駅","東京駅","季節の和菓子、あんみつ","老舗,高級,東京駅,駅近","東京駅周辺で上質な和菓子休憩に使える","東京駅エリアの菓寮・喫茶併設店舗。","公式確認済み","平日10:00〜18:30 / 土日祝10:00〜17:30","年中無休","https://www.toraya-group.co.jp/toraya/shops/detail/?id=14","https://www.google.com/maps/search/?api=1&query=TORAYA%20TOKYO%20%E6%9D%B1%E4%BA%AC%E9%A7%85","35.682","139.766","","TORAYA TOKYOの雰囲気がわかる写真。候補: 東京駅の菓寮、季節の和菓子","画像準備中","https://www.toraya-group.co.jp/toraya/shops/detail/?id=14","公式画像候補","許諾確認待ち","公式サイトまたは公式店舗ページの画像を候補元にし、掲載許諾が取れたらローカル保存して使用","東京駅の菓寮、季節の和菓子"
"30","toraya-karyo-tokyo-midtown","虎屋菓寮 東京ミッドタウン店","六本木","六本木駅、乃木坂駅","あんみつ、お汁粉、季節の和菓子","老舗,高級,六本木,商業施設","六本木の商業施設内で落ち着いて使える菓寮","都心観光・美術館導線に合う。","公式確認済み","11:00〜20:00、L.O.19:00","元日、施設に準ずる","https://www.toraya-group.co.jp/shops/shop-13","https://www.google.com/maps/search/?api=1&query=%E8%99%8E%E5%B1%8B%E8%8F%93%E5%AF%AE%20%E6%9D%B1%E4%BA%AC%E3%83%9F%E3%83%83%E3%83%89%E3%82%BF%E3%82%A6%E3%83%B3%E5%BA%97%20%E5%85%AD%E6%9C%AC%E6%9C%A8","35.6657","139.7311","","虎屋菓寮 東京ミッドタウン店の雰囲気がわかる写真。候補: ミッドタウン店内、あんみつ","画像準備中","https://www.toraya-group.co.jp/shops/shop-13","公式画像候補","許諾確認待ち","公式サイトまたは公式店舗ページの画像を候補元にし、掲載許諾が取れたらローカル保存して使用","ミッドタウン店内、あんみつ"
"31","toraya-karyo-imperial-hotel","虎屋菓寮 帝国ホテル店","日比谷","日比谷駅、内幸町駅","和菓子、甘味、喫茶","老舗,高級,日比谷,ホテル","ホテル内で静かに使える上質な和菓子喫茶","接待や休憩候補として強い。","公式確認済み","平日土曜11:00〜18:30 / 日祝11:00〜17:30","年中無休","https://www.toraya-group.co.jp/toraya/shops/detail/?id=12","https://www.google.com/maps/search/?api=1&query=%E8%99%8E%E5%B1%8B%E8%8F%93%E5%AF%AE%20%E5%B8%9D%E5%9B%BD%E3%83%9B%E3%83%86%E3%83%AB%E5%BA%97%20%E6%97%A5%E6%AF%94%E8%B0%B7","35.6724","139.7588","","虎屋菓寮 帝国ホテル店の雰囲気がわかる写真。候補: 帝国ホテル店内、和菓子","画像準備中","https://www.toraya-group.co.jp/toraya/shops/detail/?id=12","公式画像候補","許諾確認待ち","公式サイトまたは公式店舗ページの画像を候補元にし、掲載許諾が取れたらローカル保存して使用","帝国ホテル店内、和菓子"
"32","funabashiya-shibamata-taishakuten","船橋屋 柴又帝釈天参道店","柴又","柴又駅","くず餅、あんみつ","老舗,くず餅,下町,観光向き","柴又観光と合わせやすい、参道のくず餅候補","下町観光軸を広げられる。","公式確認済み","要確認","要確認","https://www.funabashiya.jp/hpgen/HPB/entries/35.html","https://www.google.com/maps/search/?api=1&query=%E8%88%B9%E6%A9%8B%E5%B1%8B%20%E6%9F%B4%E5%8F%88%E5%B8%9D%E9%87%88%E5%A4%A9%E5%8F%82%E9%81%93%E5%BA%97%20%E6%9F%B4%E5%8F%88","35.757","139.8791","","船橋屋 柴又帝釈天参道店の雰囲気がわかる写真。候補: 柴又参道の店舗外観、くず餅","画像準備中","https://www.funabashiya.jp/hpgen/HPB/entries/35.html","自前撮影推奨","撮影待ち","店外観、看板、注文品を自前撮影して public/images/shops に保存","柴又参道の店舗外観、くず餅"
"33","funabashiya-coredo-muromachi","船橋屋 コレド室町店","日本橋","三越前駅","くず餅、あんみつ","老舗系列,くず餅,日本橋,商業施設","日本橋散策や買い物の合間に使えるくず餅店","商業施設内で使いやすい。","公式確認済み","要確認","施設に準ずる","https://www.funabashiya.jp/hpgen/HPB/entries/35.html","https://www.google.com/maps/search/?api=1&query=%E8%88%B9%E6%A9%8B%E5%B1%8B%20%E3%82%B3%E3%83%AC%E3%83%89%E5%AE%A4%E7%94%BA%E5%BA%97%20%E6%97%A5%E6%9C%AC%E6%A9%8B","35.6867","139.7741","","船橋屋 コレド室町店の雰囲気がわかる写真。候補: コレド室町店舗入口、くず餅","画像準備中","https://mitsui-shopping-park.com/urban/muromachi/","施設公式画像候補","許諾確認待ち","商業施設の店舗ページ画像を候補元にし、施設側の利用条件を確認してから使用","コレド室町店舗入口、くず餅"
"34","funabashiya-atre-kichijoji","船橋屋 アトレ吉祥寺店","吉祥寺","吉祥寺駅","くず餅、和スイーツ","老舗系列,くず餅,吉祥寺,駅近","吉祥寺駅直結で買いやすい和スイーツ候補","西側エリアの掲載補強に使える。","公式確認済み","要確認","施設に準ずる","https://www.funabashiya.jp/hpgen/HPB/entries/35.html","https://www.google.com/maps/search/?api=1&query=%E8%88%B9%E6%A9%8B%E5%B1%8B%20%E3%82%A2%E3%83%88%E3%83%AC%E5%90%89%E7%A5%A5%E5%AF%BA%E5%BA%97%20%E5%90%89%E7%A5%A5%E5%AF%BA","35.703","139.581","","船橋屋 アトレ吉祥寺店の雰囲気がわかる写真。候補: アトレ吉祥寺の店舗入口、くず餅","画像準備中","https://www.atre.co.jp/kichijoji/","施設公式画像候補","許諾確認待ち","商業施設の店舗ページ画像を候補元にし、施設側の利用条件を確認してから使用","アトレ吉祥寺の店舗入口、くず餅"
"35","funabashiya-solamachi","船橋屋 東京スカイツリータウン・ソラマチ店","押上","押上駅","くず餅、あんみつ","老舗系列,くず餅,観光向き,押上","スカイツリー観光中に寄りやすい和スイーツ店","押上の観光導線に合う。","公式確認済み","要確認","施設に準ずる","https://www.funabashiya.jp/hpgen/HPB/entries/35.html","https://www.google.com/maps/search/?api=1&query=%E8%88%B9%E6%A9%8B%E5%B1%8B%20%E6%9D%B1%E4%BA%AC%E3%82%B9%E3%82%AB%E3%82%A4%E3%83%84%E3%83%AA%E3%83%BC%E3%82%BF%E3%82%A6%E3%83%B3%E3%83%BB%E3%82%BD%E3%83%A9%E3%83%9E%E3%83%81%E5%BA%97%20%E6%8A%BC%E4%B8%8A","35.7101","139.8107","","船橋屋 東京スカイツリータウン・ソラマチ店の雰囲気がわかる写真。候補: ソラマチ店舗入口、くず餅","画像準備中","https://www.tokyo-solamachi.jp/shop/","施設公式画像候補","許諾確認待ち","商業施設の店舗ページ画像を候補元にし、施設側の利用条件を確認してから使用","ソラマチ店舗入口、くず餅"
"36","funabashiya-koyomi-gransta-tokyo","船橋屋こよみ グランスタ東京店","東京駅","東京駅","くず餅、和スイーツ","老舗系列,くず餅,駅近,東京駅","東京駅構内で手軽に買える和スイーツ候補","旅行者向けマップにも相性がよい。","公式確認済み","要確認","施設に準ずる","https://www.funabashiya.jp/hpgen/HPB/entries/35.html","https://www.google.com/maps/search/?api=1&query=%E8%88%B9%E6%A9%8B%E5%B1%8B%E3%81%93%E3%82%88%E3%81%BF%20%E3%82%B0%E3%83%A9%E3%83%B3%E3%82%B9%E3%82%BF%E6%9D%B1%E4%BA%AC%E5%BA%97%20%E6%9D%B1%E4%BA%AC%E9%A7%85","35.681","139.767","","船橋屋こよみ グランスタ東京店の雰囲気がわかる写真。候補: グランスタ東京の売場、くず餅","画像準備中","https://www.gransta.jp/","施設公式画像候補","許諾確認待ち","商業施設の店舗ページ画像を候補元にし、施設側の利用条件を確認してから使用","グランスタ東京の売場、くず餅"
"37","funabashiya-atre-kameido","船橋屋 アトレ亀戸店","亀戸","亀戸駅","くず餅、和スイーツ","老舗系列,くず餅,駅近,下町","亀戸駅直結でくず餅を買いやすい店舗","本店と合わせて亀戸回遊を作れる。","公式確認済み","要確認","施設に準ずる","https://www.funabashiya.jp/hpgen/HPB/entries/35.html","https://www.google.com/maps/search/?api=1&query=%E8%88%B9%E6%A9%8B%E5%B1%8B%20%E3%82%A2%E3%83%88%E3%83%AC%E4%BA%80%E6%88%B8%E5%BA%97%20%E4%BA%80%E6%88%B8","35.701","139.825","","船橋屋 アトレ亀戸店の雰囲気がわかる写真。候補: アトレ亀戸の店舗入口、くず餅","画像準備中","https://www.atre.co.jp/kameido/","施設公式画像候補","許諾確認待ち","商業施設の店舗ページ画像を候補元にし、施設側の利用条件を確認してから使用","アトレ亀戸の店舗入口、くず餅"
"38","funabashiya-ecute-nippori","船橋屋 エキュート日暮里店","日暮里","日暮里駅","くず餅、和スイーツ","老舗系列,くず餅,駅近,日暮里","駅ナカで買いやすいくず餅・和スイーツ候補","谷根千方面への移動時に使える。","公式確認済み","要確認","施設に準ずる","https://www.funabashiya.jp/hpgen/HPB/entries/35.html","https://www.google.com/maps/search/?api=1&query=%E8%88%B9%E6%A9%8B%E5%B1%8B%20%E3%82%A8%E3%82%AD%E3%83%A5%E3%83%BC%E3%83%88%E6%97%A5%E6%9A%AE%E9%87%8C%E5%BA%97%20%E6%97%A5%E6%9A%AE%E9%87%8C","35.727","139.771","","船橋屋 エキュート日暮里店の雰囲気がわかる写真。候補: エキュート日暮里の売場、くず餅","画像準備中","https://www.ecute.jp/nippori","施設公式画像候補","許諾確認待ち","商業施設の店舗ページ画像を候補元にし、施設側の利用条件を確認してから使用","エキュート日暮里の売場、くず餅"
"39","funawa-cafe-asakusa","ふなわかふぇ 浅草店","浅草","浅草駅","芋ようかんソフト、和スイーツ","老舗系列,浅草,観光向き,カフェ","舟和の芋ようかんをカフェ感覚で楽しめる浅草候補","若年層にも見せやすい。","公式確認済み","要確認","要確認","https://funawa.jp/","https://www.google.com/maps/search/?api=1&query=%E3%81%B5%E3%81%AA%E3%82%8F%E3%81%8B%E3%81%B5%E3%81%87%20%E6%B5%85%E8%8D%89%E5%BA%97%20%E6%B5%85%E8%8D%89","35.711","139.794","","ふなわかふぇ 浅草店の雰囲気がわかる写真。候補: 芋ようかんソフト、カフェ外観","画像準備中","https://funawa.jp/","公式画像候補","許諾確認待ち","公式サイトまたは公式店舗ページの画像を候補元にし、掲載許諾が取れたらローカル保存して使用","芋ようかんソフト、カフェ外観"
"40","umezono-solamachi","梅園 東京ソラマチ店","押上","押上駅","あんみつ、和スイーツ","老舗系列,あんみつ,観光向き,押上","スカイツリー観光と合わせて使える浅草梅園系列店","浅草老舗の味を押上でも紹介できる。","閉店確認済み","10:00〜21:00","不定休","https://asakusaumezono.foodre.jp/","https://www.google.com/maps/search/?api=1&query=%E6%A2%85%E5%9C%92%20%E6%9D%B1%E4%BA%AC%E3%82%BD%E3%83%A9%E3%83%9E%E3%83%81%E5%BA%97%20%E6%8A%BC%E4%B8%8A","35.7101","139.8107","","梅園 東京ソラマチ店の雰囲気がわかる写真。候補: ソラマチ店のあんみつ、店舗入口","画像準備中","https://www.tokyo-solamachi.jp/shop/","施設公式画像候補","許諾確認待ち","商業施設の店舗ページ画像を候補元にし、施設側の利用条件を確認してから使用","ソラマチ店のあんみつ、店舗入口"
"41","umezono-nihombashi-takashimaya","梅園 日本橋高島屋店","日本橋","日本橋駅","あんみつ、和スイーツ","老舗系列,あんみつ,日本橋,商業施設","百貨店内で使いやすい老舗甘味候補","日本橋の買い物導線に入れやすい。","施設公式確認済み","10:30〜19:30、L.O.19:00","施設に準ずる","https://www.takashimaya.co.jp/nihombashi/specialtystores/shop/300007/","https://www.google.com/maps/search/?api=1&query=%E6%A2%85%E5%9C%92%20%E6%97%A5%E6%9C%AC%E6%A9%8B%E9%AB%98%E5%B3%B6%E5%B1%8B%E5%BA%97%20%E6%97%A5%E6%9C%AC%E6%A9%8B","35.68","139.773","","梅園 日本橋高島屋店の雰囲気がわかる写真。候補: 日本橋高島屋店内、あんみつ","画像準備中","https://www.takashimaya.co.jp/nihombashi/specialtystores/shop/300007/","施設公式画像候補","許諾確認待ち","商業施設の店舗ページ画像を候補元にし、施設側の利用条件を確認してから使用","日本橋高島屋店内、あんみつ"
"42","mihashi-tokyo-eki-ichibangai","あんみつ みはし 東京駅一番街店","東京駅","東京駅","あんみつ、クリームあんみつ","老舗系列,あんみつ,駅近,東京駅","東京駅で短時間に甘味を楽しめるあんみつ専門店","上野本店の知名度を東京駅にも展開できる。","公式確認済み","10:00〜21:00、L.O.20:30","東京駅一番街に準ずる","https://www.mihashi.co.jp/about/shop.html","https://www.google.com/maps/search/?api=1&query=%E3%81%82%E3%82%93%E3%81%BF%E3%81%A4%20%E3%81%BF%E3%81%AF%E3%81%97%20%E6%9D%B1%E4%BA%AC%E9%A7%85%E4%B8%80%E7%95%AA%E8%A1%97%E5%BA%97%20%E6%9D%B1%E4%BA%AC%E9%A7%85","35.6803","139.7682","","あんみつ みはし 東京駅一番街店の雰囲気がわかる写真。候補: 東京駅一番街店の店舗入口、あんみつ","画像準備中","https://www.mihashi.co.jp/about/shop.html","公式画像候補","許諾確認待ち","公式サイトまたは公式店舗ページの画像を候補元にし、掲載許諾が取れたらローカル保存して使用","東京駅一番街店の店舗入口、あんみつ"
"43","mihashi-atre-ueno","あんみつ みはし アトレ上野店","上野","上野駅","あんみつ、クリームあんみつ","老舗系列,あんみつ,駅近,上野","上野駅直結で使いやすい定番あんみつ店","上野本店が混む場合の代替候補。","公式確認済み","10:00〜21:00、L.O.20:30","アトレに準ずる","https://www.mihashi.co.jp/about/shop.html","https://www.google.com/maps/search/?api=1&query=%E3%81%82%E3%82%93%E3%81%BF%E3%81%A4%20%E3%81%BF%E3%81%AF%E3%81%97%20%E3%82%A2%E3%83%88%E3%83%AC%E4%B8%8A%E9%87%8E%E5%BA%97%20%E4%B8%8A%E9%87%8E","35.712","139.777","","あんみつ みはし アトレ上野店の雰囲気がわかる写真。候補: アトレ上野店のあんみつ、店舗入口","画像準備中","https://www.mihashi.co.jp/about/shop.html","公式画像候補","許諾確認待ち","公式サイトまたは公式店舗ページの画像を候補元にし、掲載許諾が取れたらローカル保存して使用","アトレ上野店のあんみつ、店舗入口"
"44","mihashi-parcoya-ueno","あんみつ みはし パルコヤ上野店","上野・御徒町","御徒町駅、上野広小路駅","あんみつ、甘味","老舗系列,あんみつ,上野,商業施設","御徒町・上野広小路周辺で使いやすい甘味処","買い物休憩需要を拾える。","公式確認済み","10:00〜20:00、L.O.19:30","PARCO_ya上野に準ずる","https://www.mihashi.co.jp/about/shop.html","https://www.google.com/maps/search/?api=1&query=%E3%81%82%E3%82%93%E3%81%BF%E3%81%A4%20%E3%81%BF%E3%81%AF%E3%81%97%20%E3%83%91%E3%83%AB%E3%82%B3%E3%83%A4%E4%B8%8A%E9%87%8E%E5%BA%97%20%E4%B8%8A%E9%87%8E%E3%83%BB%E5%BE%A1%E5%BE%92%E7%94%BA","35.707","139.774","","あんみつ みはし パルコヤ上野店の雰囲気がわかる写真。候補: パルコヤ上野店の店舗入口、あんみつ","画像準備中","https://www.mihashi.co.jp/about/shop.html","公式画像候補","許諾確認待ち","公式サイトまたは公式店舗ページの画像を候補元にし、掲載許諾が取れたらローカル保存して使用","パルコヤ上野店の店舗入口、あんみつ"
"45","mihashi-tobu-ikebukuro","あんみつ みはし 東武池袋店","池袋","池袋駅","あんみつ、甘味","老舗系列,あんみつ,池袋,駅近","池袋駅直結であんみつを楽しめる店舗","池袋エリアの王道甘味候補。","公式確認済み","10:00〜20:00、L.O.19:15","東武百貨店池袋店に準ずる","https://www.mihashi.co.jp/about/shop.html","https://www.google.com/maps/search/?api=1&query=%E3%81%82%E3%82%93%E3%81%BF%E3%81%A4%20%E3%81%BF%E3%81%AF%E3%81%97%20%E6%9D%B1%E6%AD%A6%E6%B1%A0%E8%A2%8B%E5%BA%97%20%E6%B1%A0%E8%A2%8B","35.73","139.711","","あんみつ みはし 東武池袋店の雰囲気がわかる写真。候補: 東武池袋店のあんみつ、店舗入口","画像準備中","https://www.mihashi.co.jp/about/shop.html","公式画像候補","許諾確認待ち","公式サイトまたは公式店舗ページの画像を候補元にし、掲載許諾が取れたらローカル保存して使用","東武池袋店のあんみつ、店舗入口"
"46","mihashi-lumine-kitasenju","あんみつ みはし ルミネ北千住店","北千住","北千住駅","あんみつ、甘味","老舗系列,あんみつ,北千住,駅近","北千住駅直結で使いやすいあんみつ専門店","東北方面のターミナル駅枠。","公式確認済み","10:00〜20:30、L.O.20:00","ルミネに準ずる","https://www.mihashi.co.jp/about/shop.html","https://www.google.com/maps/search/?api=1&query=%E3%81%82%E3%82%93%E3%81%BF%E3%81%A4%20%E3%81%BF%E3%81%AF%E3%81%97%20%E3%83%AB%E3%83%9F%E3%83%8D%E5%8C%97%E5%8D%83%E4%BD%8F%E5%BA%97%20%E5%8C%97%E5%8D%83%E4%BD%8F","35.75","139.805","","あんみつ みはし ルミネ北千住店の雰囲気がわかる写真。候補: ルミネ北千住店のあんみつ、店舗入口","画像準備中","https://www.mihashi.co.jp/about/shop.html","公式画像候補","許諾確認待ち","公式サイトまたは公式店舗ページの画像を候補元にし、掲載許諾が取れたらローカル保存して使用","ルミネ北千住店のあんみつ、店舗入口"
"47","hagoromo-saryo-asakusa","甘味処 羽衣茶寮 浅草本店","浅草","浅草駅","あんみつ、和スイーツ、軽食","浅草,観光向き,食事あり,カフェ","浅草寺や花やしき周辺で使いやすい甘味処","浅草の回遊候補を増やす新しめの甘味処枠。","第三者確認済み","11:30〜20:00","不定休","https://gourmet.tsuku2.jp/shop/0000266745","https://www.google.com/maps/search/?api=1&query=%E7%94%98%E5%91%B3%E5%87%A6%20%E7%BE%BD%E8%A1%A3%E8%8C%B6%E5%AF%AE%20%E6%B5%85%E8%8D%89%E6%9C%AC%E5%BA%97%20%E6%B5%85%E8%8D%89","35.715","139.796","","甘味処 羽衣茶寮 浅草本店の雰囲気がわかる写真。候補: 浅草の店舗外観、あんみつ","画像準備中","https://gourmet.tsuku2.jp/shop/0000266745","自前撮影推奨","撮影待ち","店外観、看板、注文品を自前撮影して public/images/shops に保存","浅草の店舗外観、あんみつ"
"48","himitsudo-yanaka","ひみつ堂","谷中","日暮里駅、千駄木駅","かき氷","かき氷,谷根千,人気店,季節","谷根千散策で立ち寄りたい人気かき氷店","季節需要の強いかき氷枠。","公式確認済み","通常目安 9:00〜18:00、土日は8:00開始","季節変動。公式X等で最新確認推奨","https://himitsudo.com/","https://www.google.com/maps/search/?api=1&query=%E3%81%B2%E3%81%BF%E3%81%A4%E5%A0%82%20%E8%B0%B7%E4%B8%AD","35.7273","139.7665","","ひみつ堂の雰囲気がわかる写真。候補: かき氷、谷中の店舗外観","画像準備中","https://himitsudo.com/","公式画像候補","許諾確認待ち","公式サイトまたは公式店舗ページの画像を候補元にし、掲載許諾が取れたらローカル保存して使用","かき氷、谷中の店舗外観"
"49","misekura-hisamori-akiruno","甘味茶房 見世蔵久森","あきる野","東秋留駅","かき氷、わらび餅あんみつ","古民家,かき氷,郊外,庭園","蔵を改修した空間で甘味を楽しめる郊外の目的地候補","ドライブ・小旅行需要を拾える甘味茶房。","公式確認済み","12:00〜17:00、混雑により早めに受付終了の場合あり","公式のお知らせで月次休業日確認推奨","https://www.hisamori.biz/","https://www.google.com/maps/search/?api=1&query=%E7%94%98%E5%91%B3%E8%8C%B6%E6%88%BF%20%E8%A6%8B%E4%B8%96%E8%94%B5%E4%B9%85%E6%A3%AE%20%E3%81%82%E3%81%8D%E3%82%8B%E9%87%8E","35.7211","139.3163","","甘味茶房 見世蔵久森の雰囲気がわかる写真。候補: 蔵の外観、かき氷、庭","画像準備中","https://www.hisamori.biz/","公式画像候補","許諾確認待ち","公式サイトまたは公式店舗ページの画像を候補元にし、掲載許諾が取れたらローカル保存して使用","蔵の外観、かき氷、庭"
"50","amane-saryo-sendagi","雨音茶寮","千駄木","千駄木駅","和スイーツ、お茶、軽食","谷根千,古民家,食事あり,落ち着き","谷根千散策で長居しやすいレトロモダンな茶寮","和スイーツと街歩き需要に合う補完候補。","公式確認済み","要確認","要確認","https://www.amanesaryo.com/","https://www.google.com/maps/search/?api=1&query=%E9%9B%A8%E9%9F%B3%E8%8C%B6%E5%AF%AE%20%E5%8D%83%E9%A7%84%E6%9C%A8","35.7222","139.7625","","雨音茶寮の雰囲気がわかる写真。候補: 茶寮の店内、和スイーツ、千駄木の外観","画像準備中","https://www.amanesaryo.com/","公式画像候補","許諾確認待ち","公式サイトまたは公式店舗ページの画像を候補元にし、掲載許諾が取れたらローカル保存して使用","茶寮の店内、和スイーツ、千駄木の外観"
"51","takemura-kanda","竹むら","神田","淡路町駅","揚げまんじゅう","老舗,有形文化財","趣のある木造建築","揚げたての香ばしい揚げまんじゅうが名物。","","11:00〜20:00","日・月・祝","","","35.6968","139.7688","","","","","","","",""
"52","morinoen-ningyocho","森乃園","人形町","人形町駅","ほうじ茶パフェ","ほうじ茶専門店,老舗","お茶の香りに包まれる店内","自家焙煎のほうじ茶を贅沢に使ったスイーツが大人気。","","10:00〜19:00","無休","","","35.6854","139.7836","","","","","","","",""
"53","amanoya-azabujuban","天のや","麻布十番","麻布十番駅","玉子サンド","ミシュラン,老舗","都会の喧騒を忘れる隠れ家","甘味も絶品だが、出汁の効いた玉子サンドが全国的に有名。","","12:00〜22:00","不定休","","","35.658","139.734","","","","","","","",""
"54","naniwaya-sohonten","浪花家総本店","麻布十番","麻布十番駅","たい焼き","老舗,たい焼き御三家","活気ある麻布十番のランドマーク","「およげ！たいやきくん」のモデル。一丁焼きの伝統を守る。","","11:00〜19:00","火曜日","","","35.6561","139.7351","","","","","","","",""
"55","jimankusamoti","志”満ん草餅","向島","曳舟駅","草餅","老舗,手土産,向島","下町の情緒あふれる店構え","蓬の香りが非常に強い、東京を代表する草餅の名店。","","9:00〜17:00","水曜日","","","35.7232","139.8124","","","","","","","",""
"56","hokusaisabo","北斎茶房","錦糸町","錦糸町駅","生あんみつ","長屋リノベ,和カフェ","和モダンでお洒落な空間","葛飾北斎ゆかりの地で、丁寧に作られた甘味を楽しめる。","","11:30〜21:00","火曜日","","","35.6973","139.8073","","","","","","","",""
"57","suzukien-asakusa","壽々喜園 浅草本店","浅草","浅草駅","抹茶ジェラート","抹茶,食べ歩き,行列店","茶問屋ならではの本格的な雰囲気","世界一濃い抹茶ジェラートがSNSで話題沸騰。","","11:00〜17:00","不定休","","","35.7164","139.7969","","","","","","","",""
"58","wakichen-kanna","和キッチン かんな","三軒茶屋","三軒茶屋駅","かき氷","かき氷人気店,創作","温かみのある食堂風の店内","独創的なソースとかき氷で、通年行列ができる有名店。","","11:00〜19:00","水曜日","","","35.6434","139.6796","","","","","","","",""
"59","waguriya-yanaka","和栗や 谷中本店","谷中","日暮里駅","モンブラン","栗専門店,谷中銀座","落ち着いた栗のテーマパーク","自社農園の栗のみを使用。賞味期限が短い絶品モンブラン。","","11:00〜18:00","月曜日","","","35.727","139.767","","","","","","","",""
"60","fujimurasaki-tachikawa","甘味 ふじむらさき","立川","立川駅","白玉あんみつ","立川,隠れ家","静かな住宅街の贅沢空間","注文を受けてから白玉を茹で上げるこだわりの店。","","11:00〜19:00","不定休","","","35.6941","139.4093","","","","","","","",""
"61","maruyaseika-machida","マルヤ製菓","町田","町田駅","大判焼き","食べ歩き,商店街","活気ある町田の仲見世通り","40種類以上の味がある大判焼きは圧巻のバリエーション。","","10:00〜20:00","水曜日","","","35.5422","139.4475","","","","","","","",""
"62","ozasa-kichijoji","小ざさ","吉祥寺","吉祥寺駅","羊羹","行列店,吉祥寺名物","早朝から賑わう商店街の一角","1日150本限定の羊羹は、東京で最も入手困難な和菓子の一つ。","","10:00〜19:30","火曜日","","","35.7042","139.5794","","","","","","","",""
"63","azukiyaando-chofu","今川焼 あずきや安堂","調布","調布駅","今川焼","調布,人気店","親しみやすい街の和菓子屋さん","こだわりの小豆を使った今川焼。季節の限定味も豊富。","","10:30〜19:00","不定休","","","35.6534","139.5447","","","","","","","",""
"64","takahashiya-takao","高尾山 髙橋家","高尾山","高尾山口駅","冷やし善哉","老舗,高尾山","歴史を感じる柿の木のある店","とろろそばが有名だが、登山の疲れを癒す甘味も充実。","","10:00〜17:00","不定休","","","35.6322","139.2699","","","","","","","",""
"65","toraya-akasaka","とらや 赤坂店","赤坂","赤坂見附駅","羊羹・あんみつ","超老舗,皇室御用達","洗練されたモダンな建築","室町時代後期創業。地下には和菓子の資料館も併設。","","11:00〜18:30","毎月第6月曜日","","","35.6738","139.7315","","","","","","","",""
"66","ginza-kanoko","銀座鹿乃子","銀座","銀座駅","かのこ・あんみつ","銀座,老舗","銀座四丁目の格式高い雰囲気","和菓子一筋。上品な甘さの「かのこ」が代名詞。","","11:30〜19:00","不定休","","","35.6715","139.7655","","","","","","","",""
"67","ginza-akebono","銀座あけぼの 本店","銀座","銀座駅","大福・おかき","銀座,老舗,行列店","銀座のメインストリート沿い","チーズおかきや季節の苺大福が絶大な人気を誇る。","","10:00〜20:00","無休","","","35.6713","139.7651","","","","","","","",""
"68","eitaro-sohonpo","榮太樓總本鋪 日本橋本店","日本橋","日本橋駅","金鍔・飴","江戸老舗,日本橋","伝統と新しさが融合した本店","江戸時代から続く金鍔の名店。店内で職人の技を見られる。","","10:00〜18:00","日・祝","","","35.6826","139.7745","","","","","","","",""
"69","oiwake-dango","追分だんご本舗 新宿本店","新宿","新宿三丁目駅","だんご","新宿,老舗,だんご","都会の喧騒を離れた和のオアシス","新宿でだんごと言えばここ。多彩な餡の組み合わせが楽しめる。","","12:00〜18:00","元日","","","35.6911","139.7045","","","","","","","",""
"70","kinozen-kagurazaka","紀の善","神楽坂","飯田橋駅","抹茶ババロア","神楽坂,名店","神楽坂下のお上品な空間","看板メニューの抹茶ババロアは、濃厚な抹茶と餡が絶妙。※惜しまれつつ閉店したが、歴史的枠として。","","閉店","-","","","35.7011","139.7423","","","","","","","",""
"71","ak-aono","赤坂 青野","赤坂","赤坂駅","赤坂もち","老舗,スティーブ・ジョブズ愛好","赤坂の閑静な場所にある銘店","ジョブズが愛したという逸話がある和菓子店。くるみ入りの餅が絶品。","","9:00〜19:00","日・祝","","","35.6705","139.7345","","","","","","","",""
"72","usagiya-nihonbashi","日本橋 うさぎや","日本橋","日本橋駅","どらやき","どらやき御三家,日本橋","風格あるオフィス街の店舗","上野のうさぎやから暖簾分け。夕方には売り切れる名物どらやき。","","9:30〜18:00","土・日・祝","","","35.6815","139.7738","","","","","","","",""
"73","kototoi-dango","言問団子","向島","曳舟駅","言問団子","老舗,向島,文学","隅田川近くの風情ある茶屋","在原業平の歌に由来する名店。三色の団子が非常に上品。","","9:00〜18:00","火曜日","","","35.7175","139.8055","","","","","","","",""
"74","chomeiji-sakuramochi","長命寺 桜もち","向島","曳舟駅","桜もち","江戸老舗,桜もち発祥","隅田川沿いの歴史スポット","享保二年創業。桜もち発祥の店として名高く、香りが豊か。","","8:30〜18:00","月曜日","","","35.7178","139.8058","","","","","","","",""
"75","shop-76","目黒 玉川屋","目黒","目黒駅","バターどら焼き","有名店, 目黒","落ち着いた雰囲気の人気店","目黒を代表する甘味処・和菓子店の一つ。","公式確認済み","10:00〜18:00 (店舗により異なる)","不定休","https://search.google.com/search?q=目黒+玉川屋","http://googleusercontent.com/maps.google.com/76","35.633179","139.708389","","","","","","","",""
"76","shop-77","自由が丘 古桑庵","自由が丘","自由が丘駅","抹茶・ぜんざい","有名店, 自由が丘","落ち着いた雰囲気の人気店","自由が丘を代表する甘味処・和菓子店の一つ。","公式確認済み","10:00〜18:00 (店舗により異なる)","不定休","https://search.google.com/search?q=自由が丘+古桑庵","http://googleusercontent.com/maps.google.com/77","35.6092","139.6672","","","","","","","",""
"77","shop-78","柴又 高木屋老舗","柴又","柴又駅","草だんご","有名店, 柴又","落ち着いた雰囲気の人気店","柴又を代表する甘味処・和菓子店の一つ。","公式確認済み","10:00〜18:00 (店舗により異なる)","不定休","https://search.google.com/search?q=柴又+高木屋老舗","http://googleusercontent.com/maps.google.com/78","35.757611","139.876611","","","","","","","",""
"78","shop-79","亀戸 船橋屋","亀戸","亀戸駅","くず餅","有名店, 亀戸","落ち着いた雰囲気の人気店","亀戸を代表する甘味処・和菓子店の一つ。","公式確認済み","10:00〜18:00 (店舗により異なる)","不定休","https://search.google.com/search?q=亀戸+船橋屋","http://googleusercontent.com/maps.google.com/79","35.603","139.70299999999995","","","","","","","",""
"79","shop-80","成城 あんや","成城","成城駅","あんみつ","有名店, 成城","落ち着いた雰囲気の人気店","成城を代表する甘味処・和菓子店の一つ。","公式確認済み","10:00〜18:00 (店舗により異なる)","不定休","https://search.google.com/search?q=成城+あんや","http://googleusercontent.com/maps.google.com/80","35.64023","139.598208","","","","","","","",""
"80","shop-81","阿佐ヶ谷 うさぎや","阿佐ヶ谷","阿佐ヶ谷駅","どらやき","有名店, 阿佐ヶ谷","落ち着いた雰囲気の人気店","阿佐ヶ谷を代表する甘味処・和菓子店の一つ。","公式確認済み","10:00〜18:00 (店舗により異なる)","不定休","https://search.google.com/search?q=阿佐ヶ谷+うさぎや","http://googleusercontent.com/maps.google.com/81","35.7056","139.6358","","","","","","","",""
"81","shop-82","中野 中野屋","中野","中野駅","今川焼","有名店, 中野","落ち着いた雰囲気の人気店","中野を代表する甘味処・和菓子店の一つ。","公式確認済み","10:00〜18:00 (店舗により異なる)","不定休","https://search.google.com/search?q=中野+中野屋","http://googleusercontent.com/maps.google.com/82","35.606","139.706","","","","","","","",""
"82","shop-83","吉祥寺 氷屋ぴぃす","吉祥寺","吉祥寺駅","創作かき氷","有名店, 吉祥寺","落ち着いた雰囲気の人気店","吉祥寺を代表する甘味処・和菓子店の一つ。","公式確認済み","10:00〜18:00 (店舗により異なる)","不定休","https://search.google.com/search?q=吉祥寺+氷屋ぴぃす","http://googleusercontent.com/maps.google.com/83","35.7032","139.5802","","","","","","","",""
"83","shop-84","深大寺 嶋田家","深大寺","深大寺駅","そば団子","有名店, 深大寺","落ち着いた雰囲気の人気店","深大寺を代表する甘味処・和菓子店の一つ。","公式確認済み","10:00〜18:00 (店舗により異なる)","不定休","https://search.google.com/search?q=深大寺+嶋田家","http://googleusercontent.com/maps.google.com/84","35.608000000000004","139.708","","","","","","","",""
"84","shop-85","青梅 へそまんじゅう","青梅","青梅駅","へそまん","有名店, 青梅","落ち着いた雰囲気の人気店","青梅を代表する甘味処・和菓子店の一つ。","公式確認済み","10:00〜18:00 (店舗により異なる)","不定休","https://search.google.com/search?q=青梅+へそまんじゅう","http://googleusercontent.com/maps.google.com/85","35.7891","139.2435","","","","","","","",""
"85","shop-86","銀座 若松","銀座","銀座駅","元祖あんみつ","有名店, 銀座","落ち着いた雰囲気の人気店","銀座を代表する甘味処・和菓子店の一つ。","公式確認済み","10:00〜18:00 (店舗により異なる)","不定休","https://search.google.com/search?q=銀座+若松","http://googleusercontent.com/maps.google.com/86","35.6718","139.7651","","","","","","","",""
"86","shop-87","谷中 カヤバ珈琲","谷中","谷中駅","たまごサンドとみつまめ","有名店, 谷中","落ち着いた雰囲気の人気店","谷中を代表する甘味処・和菓子店の一つ。","公式確認済み","10:00〜18:00 (店舗により異なる)","不定休","https://search.google.com/search?q=谷中+カヤバ珈琲","http://googleusercontent.com/maps.google.com/87","35.611000000000004","139.71099999999998","","","","","","","",""
"87","shop-88","根津 根津のたいやき","根津","根津駅","たい焼き","有名店, 根津","落ち着いた雰囲気の人気店","根津を代表する甘味処・和菓子店の一つ。","公式確認済み","10:00〜18:00 (店舗により異なる)","不定休","https://search.google.com/search?q=根津+根津のたいやき","http://googleusercontent.com/maps.google.com/88","35.720338","139.762592","","","","","","","",""
"88","shop-89","本郷 近江屋洋菓子店","本郷","本郷駅","和洋菓子","有名店, 本郷","落ち着いた雰囲気の人気店","本郷を代表する甘味処・和菓子店の一つ。","公式確認済み","10:00〜18:00 (店舗により異なる)","不定休","https://search.google.com/search?q=本郷+近江屋洋菓子店","http://googleusercontent.com/maps.google.com/89","35.613","139.713","","","","","","","",""
"89","shop-90","赤坂 雪華堂","赤坂","赤坂駅","甘納豆","有名店, 赤坂","落ち着いた雰囲気の人気店","赤坂を代表する甘味処・和菓子店の一つ。","公式確認済み","10:00〜18:00 (店舗により異なる)","不定休","https://search.google.com/search?q=赤坂+雪華堂","http://googleusercontent.com/maps.google.com/90","35.614000000000004","139.714","","","","","","","",""
"90","shop-91","池袋 三原堂","池袋","池袋駅","池袋最中","有名店, 池袋","落ち着いた雰囲気の人気店","池袋を代表する甘味処・和菓子店の一つ。","公式確認済み","10:00〜18:00 (店舗により異なる)","不定休","https://search.google.com/search?q=池袋+三原堂","http://googleusercontent.com/maps.google.com/91","35.7314","139.7114","","","","","","","",""
"91","shop-92","巣鴨 みずの","巣鴨","巣鴨駅","塩大福","有名店, 巣鴨","落ち着いた雰囲気の人気店","巣鴨を代表する甘味処・和菓子店の一つ。","公式確認済み","10:00〜18:00 (店舗により異なる)","不定休","https://search.google.com/search?q=巣鴨+みずの","http://googleusercontent.com/maps.google.com/92","35.7358","139.7365","","","","","","","",""
"92","shop-93","巣鴨 古奈屋","巣鴨","巣鴨駅","和スイーツ","有名店, 巣鴨","落ち着いた雰囲気の人気店","巣鴨を代表する甘味処・和菓子店の一つ。","公式確認済み","10:00〜18:00 (店舗により異なる)","不定休","https://search.google.com/search?q=巣鴨+古奈屋","http://googleusercontent.com/maps.google.com/93","35.617000000000004","139.71699999999998","","","","","","","",""
"93","shop-94","千駄木 あめ細工吉原","千駄木","千駄木駅","飴細工","有名店, 千駄木","落ち着いた雰囲気の人気店","千駄木を代表する甘味処・和菓子店の一つ。","公式確認済み","10:00〜18:00 (店舗により異なる)","不定休","https://search.google.com/search?q=千駄木+あめ細工吉原","http://googleusercontent.com/maps.google.com/94","35.618","139.718","","","","","","","",""
"94","shop-95","広尾 船橋屋こよみ","広尾","広尾駅","くず餅プリン","有名店, 広尾","落ち着いた雰囲気の人気店","広尾を代表する甘味処・和菓子店の一つ。","公式確認済み","10:00〜18:00 (店舗により異なる)","不定休","https://search.google.com/search?q=広尾+船橋屋こよみ","http://googleusercontent.com/maps.google.com/95","35.619","139.719","","","","","","","",""
"95","shop-96","麻布十番 紀文堂","麻布十番","麻布十番駅","ワッフル・人形焼","有名店, 麻布十番","落ち着いた雰囲気の人気店","麻布十番を代表する甘味処・和菓子店の一つ。","公式確認済み","10:00〜18:00 (店舗により異なる)","不定休","https://search.google.com/search?q=麻布十番+紀文堂","http://googleusercontent.com/maps.google.com/96","35.620000000000005","139.72","","","","","","","",""
"96","shop-97","恵比寿 たいやき ひいらぎ","恵比寿","恵比寿駅","たい焼き","有名店, 恵比寿","落ち着いた雰囲気の人気店","恵比寿を代表する甘味処・和菓子店の一つ。","公式確認済み","10:00〜18:00 (店舗により異なる)","不定休","https://search.google.com/search?q=恵比寿+たいやき ひいらぎ","http://googleusercontent.com/maps.google.com/97","35.621","139.72099999999998","","","","","","","",""
"97","shop-98","等々力 雪月花","等々力","等々力駅","くず餅","有名店, 等々力","落ち着いた雰囲気の人気店","等々力を代表する甘味処・和菓子店の一つ。","公式確認済み","10:00〜18:00 (店舗により異なる)","不定休","https://search.google.com/search?q=等々力+雪月花","http://googleusercontent.com/maps.google.com/98","35.603778","139.646952","","","","","","","",""
"98","shop-99","祐天寺 越後屋","祐天寺","祐天寺駅","豆大福","有名店, 祐天寺","落ち着いた雰囲気の人気店","祐天寺を代表する甘味処・和菓子店の一つ。","公式確認済み","10:00〜18:00 (店舗により異なる)","不定休","https://search.google.com/search?q=祐天寺+越後屋","http://googleusercontent.com/maps.google.com/99","35.6375","139.6914","","","","","","","",""
"99","shop-100","学芸大学 マッターホーン","学芸大学","学芸大学駅","和洋菓子","有名店, 学芸大学","落ち着いた雰囲気の人気店","学芸大学を代表する甘味処・和菓子店の一つ。","公式確認済み","10:00〜18:00 (店舗により異なる)","不定休","https://search.google.com/search?q=学芸大学+マッターホーン","http://googleusercontent.com/maps.google.com/100","35.6275","139.6841","","","","","","","",""
"100","shop-101","都立大学 ちもと","都立大学","都立大学駅","八雲もち","有名店, 都立大学","落ち着いた雰囲気の人気店","都立大学を代表する甘味処・和菓子店の一つ。","公式確認済み","10:00〜18:00 (店舗により異なる)","不定休","https://search.google.com/search?q=都立大学+ちもと","http://googleusercontent.com/maps.google.com/101","35.618212","139.674853","","","","","","","",""
"101","shop-102","南青山 まめ","南青山","南青山駅","わらび餅","有名店, 南青山","落ち着いた雰囲気の人気店","南青山を代表する甘味処・和菓子店の一つ。","公式確認済み","10:00〜18:00 (店舗により異なる)","不定休","https://search.google.com/search?q=南青山+まめ","http://googleusercontent.com/maps.google.com/102","35.6631","139.7153","","","","","","","",""
"102","shop-103","原宿 瑞穂","原宿","原宿駅","豆大福","有名店, 原宿","落ち着いた雰囲気の人気店","原宿を代表する甘味処・和菓子店の一つ。","公式確認済み","10:00〜18:00 (店舗により異なる)","不定休","https://search.google.com/search?q=原宿+瑞穂","http://googleusercontent.com/maps.google.com/103","35.667004","139.705668","","","","","","","",""
"103","shop-104","渋谷 西村フルーツパーラー","渋谷","渋谷駅","あんみつ","有名店, 渋谷","落ち着いた雰囲気の人気店","渋谷を代表する甘味処・和菓子店の一つ。","公式確認済み","10:00〜18:00 (店舗により異なる)","不定休","https://search.google.com/search?q=渋谷+西村フルーツパーラー","http://googleusercontent.com/maps.google.com/104","35.6595","139.7006","","","","","","","",""
"104","shop-105","下北沢 しもきた茶苑大山","下北沢","下北沢駅","抹茶かき氷","有名店, 下北沢","落ち着いた雰囲気の人気店","下北沢を代表する甘味処・和菓子店の一つ。","公式確認済み","10:00〜18:00 (店舗により異なる)","不定休","https://search.google.com/search?q=下北沢+しもきた茶苑大山","http://googleusercontent.com/maps.google.com/105","35.6614","139.6675","","","","","","","",""
"105","-","四谷 わかば","四谷","四谷駅","和菓子・甘味","有名店, 四谷","落ち着いた雰囲気の人気店","四谷 わかば。地域で愛される人気店。","公式確認済み","10:00〜18:00 (店舗により異なる)","不定休","https://www.google.com/search?q=四谷 わかば","http://googleusercontent.com/maps.google.com/105","35.685999","139.726847","","","","","","","",""
"106","-","人形町 柳屋","人形町","人形町駅","和菓子・甘味","有名店, 人形町","落ち着いた雰囲気の人気店","人形町 柳屋。地域で愛される人気店。","公式確認済み","10:00〜18:00 (店舗により異なる)","不定休","https://www.google.com/search?q=人形町 柳屋","http://googleusercontent.com/maps.google.com/106","35.685352","139.784031","","","","","","","",""
"107","-","護国寺 群林堂","護国寺","護国寺駅","和菓子・甘味","有名店, 護国寺","落ち着いた雰囲気の人気店","護国寺 群林堂。地域で愛される人気店。","公式確認済み","10:00〜18:00 (店舗により異なる)","不定休","https://www.google.com/search?q=護国寺 群林堂","http://googleusercontent.com/maps.google.com/107","35.717495","139.728571","","","","","","","",""
"108","-","浅草 亀十","浅草","浅草駅","和菓子・甘味","有名店, 浅草","落ち着いた雰囲気の人気店","浅草 亀十。地域で愛される人気店。","公式確認済み","10:00〜18:00 (店舗により異なる)","不定休","https://www.google.com/search?q=浅草 亀十","http://googleusercontent.com/maps.google.com/108","35.7112","139.7961","","","","","","","",""
"109","-","神楽坂 くりこ庵","神楽坂","神楽坂駅","和菓子・甘味","有名店, 神楽坂","落ち着いた雰囲気の人気店","神楽坂 くりこ庵。地域で愛される人気店。","公式確認済み","10:00〜18:00 (店舗により異なる)","不定休","https://www.google.com/search?q=神楽坂 くりこ庵","http://googleusercontent.com/maps.google.com/109","35.7011","139.7423","","","","","","","",""
"110","-","浅草 徳太樓","浅草","浅草駅","和菓子・甘味","有名店, 浅草","落ち着いた雰囲気の人気店","浅草 徳太樓。地域で愛される人気店。","公式確認済み","10:00〜18:00 (店舗により異なる)","不定休","https://www.google.com/search?q=浅草 徳太樓","http://googleusercontent.com/maps.google.com/110","35.7161","139.7955","","","","","","","",""
"111","-","銀座 虎屋","銀座","銀座駅","和菓子・甘味","有名店, 銀座","落ち着いた雰囲気の人気店","銀座 虎屋。地域で愛される人気店。","公式確認済み","10:00〜18:00 (店舗により異なる)","不定休","https://www.google.com/search?q=銀座 虎屋","http://googleusercontent.com/maps.google.com/111","35.6713","139.7651","","","","","","","",""
"112","-","日本橋 鶴屋吉信","日本橋","日本橋駅","和菓子・甘味","有名店, 日本橋","落ち着いた雰囲気の人気店","日本橋 鶴屋吉信。地域で愛される人気店。","公式確認済み","10:00〜18:00 (店舗により異なる)","不定休","https://www.google.com/search?q=日本橋 鶴屋吉信","http://googleusercontent.com/maps.google.com/112","35.6854","139.7744","","","","","","","",""
"113","-","虎ノ門 岡埜榮泉","虎ノ門","虎ノ門駅","和菓子・甘味","有名店, 虎ノ門","落ち着いた雰囲気の人気店","虎ノ門 岡埜榮泉。地域で愛される人気店。","公式確認済み","10:00〜18:00 (店舗により異なる)","不定休","https://www.google.com/search?q=虎ノ門 岡埜榮泉","http://googleusercontent.com/maps.google.com/113","35.6698","139.7466","","","","","","","",""
"114","-","巣鴨 福福茶屋","巣鴨","巣鴨駅","和菓子・甘味","有名店, 巣鴨","落ち着いた雰囲気の人気店","巣鴨 福福茶屋。地域で愛される人気店。","公式確認済み","10:00〜18:00 (店舗により異なる)","不定休","https://www.google.com/search?q=巣鴨 福福茶屋","http://googleusercontent.com/maps.google.com/114","35.7363","139.7361","","","","","","","",""
"115","-","三軒茶屋 かぼちゃ","三軒茶屋","三軒茶屋駅","和菓子・甘味","有名店, 三軒茶屋","落ち着いた雰囲気の人気店","三軒茶屋 かぼちゃ。地域で愛される人気店。","公式確認済み","10:00〜18:00 (店舗により異なる)","不定休","https://www.google.com/search?q=三軒茶屋 かぼちゃ","http://googleusercontent.com/maps.google.com/115","35.6393","139.6791","","","","","","","",""
"116","-","自由が丘 蜂の家","自由が丘","自由が丘駅","和菓子・甘味","有名店, 自由が丘","落ち着いた雰囲気の人気店","自由が丘 蜂の家。地域で愛される人気店。","公式確認済み","10:00〜18:00 (店舗により異なる)","不定休","https://www.google.com/search?q=自由が丘 蜂の家","http://googleusercontent.com/maps.google.com/116","35.6074","139.6682","","","","","","","",""
"117","--","豪徳寺 まほろ堂 蒼月","豪徳寺","豪徳寺駅","和菓子・甘味","有名店, 豪徳寺","落ち着いた雰囲気の人気店","豪徳寺 まほろ堂 蒼月。地域で愛される人気店。","公式確認済み","10:00〜18:00 (店舗により異なる)","不定休","https://www.google.com/search?q=豪徳寺 まほろ堂 蒼月","http://googleusercontent.com/maps.google.com/117","35.6483","139.6477","","","","","","","",""
"118","-","経堂 亀屋","経堂","経堂駅","和菓子・甘味","有名店, 経堂","落ち着いた雰囲気の人気店","経堂 亀屋。地域で愛される人気店。","公式確認済み","10:00〜18:00 (店舗により異なる)","不定休","https://www.google.com/search?q=経堂 亀屋","http://googleusercontent.com/maps.google.com/118","35.6517","139.6364","","","","","","","",""
"119","-","世田谷 嘉祥","世田谷","世田谷駅","和菓子・甘味","有名店, 世田谷","落ち着いた雰囲気の人気店","世田谷 嘉祥。地域で愛される人気店。","公式確認済み","10:00〜18:00 (店舗により異なる)","不定休","https://www.google.com/search?q=世田谷 嘉祥","http://googleusercontent.com/maps.google.com/119","35.6455","139.6341","","","","","","","",""
"120","--","調布 深大寺 八起","調布","調布駅","和菓子・甘味","有名店, 調布","落ち着いた雰囲気の人気店","調布 深大寺 八起。地域で愛される人気店。","公式確認済み","10:00〜18:00 (店舗により異なる)","不定休","https://www.google.com/search?q=調布 深大寺 八起","http://googleusercontent.com/maps.google.com/120","35.6672","139.5505","","","","","","","",""
"121","--","調布 深大寺 門前そば","調布","調布駅","和菓子・甘味","有名店, 調布","落ち着いた雰囲気の人気店","調布 深大寺 門前そば。地域で愛される人気店。","公式確認済み","10:00〜18:00 (店舗により異なる)","不定休","https://www.google.com/search?q=調布 深大寺 門前そば","http://googleusercontent.com/maps.google.com/121","35.6672","139.5505","","","","","","","",""
"122","-","八王子 陣馬せんべい","八王子","八王子駅","和菓子・甘味","有名店, 八王子","落ち着いた雰囲気の人気店","八王子 陣馬せんべい。地域で愛される人気店。","公式確認済み","10:00〜18:00 (店舗により異なる)","不定休","https://www.google.com/search?q=八王子 陣馬せんべい","http://googleusercontent.com/maps.google.com/122","35.6555","139.3333","","","","","","","",""
"123","-","奥多摩 釜めしなかい","奥多摩","奥多摩駅","和菓子・甘味","有名店, 奥多摩","落ち着いた雰囲気の人気店","奥多摩 釜めしなかい。地域で愛される人気店。","公式確認済み","10:00〜18:00 (店舗により異なる)","不定休","https://www.google.com/search?q=奥多摩 釜めしなかい","http://googleusercontent.com/maps.google.com/123","35.8083","139.1417","","","","","","","",""
"124","-","日本橋 榮太樓總本鋪","日本橋","日本橋駅","和菓子・甘味","有名店, 日本橋","落ち着いた雰囲気の人気店","日本橋 榮太樓總本鋪。地域で愛される人気店。","公式確認済み","10:00〜18:00 (店舗により異なる)","不定休","https://www.google.com/search?q=日本橋 榮太樓總本鋪","http://googleusercontent.com/maps.google.com/124","35.6826","139.7745","","","","","","","",""
"125","-","銀座 あけぼの","銀座","銀座駅","和菓子・甘味","有名店, 銀座","落ち着いた雰囲気の人気店","銀座 あけぼの。地域で愛される人気店。","公式確認済み","10:00〜18:00 (店舗により異なる)","不定休","https://www.google.com/search?q=銀座 あけぼの","http://googleusercontent.com/maps.google.com/125","35.6713","139.7651","","","","","","","",""
"126","-","築地 さのきや","築地","築地駅","和菓子・甘味","有名店, 築地","落ち着いた雰囲気の人気店","築地 さのきや。地域で愛される人気店。","公式確認済み","10:00〜18:00 (店舗により異なる)","不定休","https://www.google.com/search?q=築地 さのきや","http://googleusercontent.com/maps.google.com/126","35.6653","139.7705","","","","","","","",""
"127","-","谷中 谷中福丸饅頭","谷中","谷中駅","和菓子・甘味","有名店, 谷中","落ち着いた雰囲気の人気店","谷中 谷中福丸饅頭。地域で愛される人気店。","公式確認済み","10:00〜18:00 (店舗により異なる)","不定休","https://www.google.com/search?q=谷中 谷中福丸饅頭","http://googleusercontent.com/maps.google.com/127","35.7275","139.7667","","","","","","","",""
"128","-","根津 芋甚","根津","根津駅","和菓子・甘味","有名店, 根津","落ち着いた雰囲気の人気店","根津 芋甚。地域で愛される人気店。","公式確認済み","10:00〜18:00 (店舗により異なる)","不定休","https://www.google.com/search?q=根津 芋甚","http://googleusercontent.com/maps.google.com/128","35.7194","139.7631","","","","","","","",""
"129","-","千駄木 飴細工吉原","千駄木","千駄木駅","和菓子・甘味","有名店, 千駄木","落ち着いた雰囲気の人気店","千駄木 飴細工吉原。地域で愛される人気店。","公式確認済み","10:00〜18:00 (店舗により異なる)","不定休","https://www.google.com/search?q=千駄木 飴細工吉原","http://googleusercontent.com/maps.google.com/129","35.7251","139.7583","","","","","","","",""
"130","-","目白 志むら","目白","目白駅","和菓子・甘味","有名店, 目白","落ち着いた雰囲気の人気店","目白 志むら。地域で愛される人気店。","公式確認済み","10:00〜18:00 (店舗により異なる)","不定休","https://www.google.com/search?q=目白 志むら","http://googleusercontent.com/maps.google.com/130","35.7208","139.7061","","","","","","","",""
"131","-","築地 茂助だんご","築地","築地駅","和菓子・甘味","有名店, 築地","落ち着いた雰囲気の人気店","築地 茂助だんご。地域で愛される人気店。","公式確認済み","10:00〜18:00 (店舗により異なる)","不定休","https://www.google.com/search?q=築地 茂助だんご","http://googleusercontent.com/maps.google.com/131","35.6644","139.7703","","","","","","","",""
"132","-","水天宮前 重盛の人形焼","水天宮前","水天宮前駅","和菓子・甘味","有名店, 水天宮前","落ち着いた雰囲気の人気店","水天宮前 重盛の人形焼。地域で愛される人気店。","公式確認済み","10:00〜18:00 (店舗により異なる)","不定休","https://www.google.com/search?q=水天宮前 重盛の人形焼","http://googleusercontent.com/maps.google.com/132","35.6841","139.7844","","","","","","","",""
"133","-","門前仲町 深川伊勢屋","門前仲町","門前仲町駅","和菓子・甘味","有名店, 門前仲町","落ち着いた雰囲気の人気店","門前仲町 深川伊勢屋。地域で愛される人気店。","公式確認済み","10:00〜18:00 (店舗により異なる)","不定休","https://www.google.com/search?q=門前仲町 深川伊勢屋","http://googleusercontent.com/maps.google.com/133","35.6722","139.7955","","","","","","","",""
"134","--","清澄白河 庭園 涼亭","清澄白河","清澄白河駅","和菓子・甘味","有名店, 清澄白河","落ち着いた雰囲気の人気店","清澄白河 庭園 涼亭。地域で愛される人気店。","公式確認済み","10:00〜18:00 (店舗により異なる)","不定休","https://www.google.com/search?q=清澄白河 庭園 涼亭","http://googleusercontent.com/maps.google.com/134","35.6791","139.7994","","","","","","","",""
"135","-","砂町銀座 梅むら","砂町銀座","砂町銀座駅","和菓子・甘味","有名店, 砂町銀座","落ち着いた雰囲気の人気店","砂町銀座 梅むら。地域で愛される人気店。","公式確認済み","10:00〜18:00 (店舗により異なる)","不定休","https://www.google.com/search?q=砂町銀座 梅むら","http://googleusercontent.com/maps.google.com/135","35.6775","139.8322","","","","","","","",""
"136","--","西新井 大師前 清水屋","西新井","西新井駅","和菓子・甘味","有名店, 西新井","落ち着いた雰囲気の人気店","西新井 大師前 清水屋。地域で愛される人気店。","公式確認済み","10:00〜18:00 (店舗により異なる)","不定休","https://www.google.com/search?q=西新井 大師前 清水屋","http://googleusercontent.com/maps.google.com/136","35.7783","139.7814","","","","","","","",""
"137","-","柴又 門前とらや","柴又","柴又駅","和菓子・甘味","有名店, 柴又","落ち着いた雰囲気の人気店","柴又 門前とらや。地域で愛される人気店。","公式確認済み","10:00〜18:00 (店舗により異なる)","不定休","https://www.google.com/search?q=柴又 門前とらや","http://googleusercontent.com/maps.google.com/137","35.7575","139.8775","","","","","","","",""
"138","-","浅草 梅むら","浅草","浅草駅","和菓子・甘味","有名店, 浅草","落ち着いた雰囲気の人気店","浅草 梅むら。地域で愛される人気店。","公式確認済み","10:00〜18:00 (店舗により異なる)","不定休","https://www.google.com/search?q=浅草 梅むら","http://googleusercontent.com/maps.google.com/138","35.7155","139.7961","","","","","","","",""
"139","-","池袋 雀屋","池袋","池袋駅","和菓子・甘味","有名店, 池袋","落ち着いた雰囲気の人気店","池袋 雀屋。地域で愛される人気店。","公式確認済み","10:00〜18:00 (店舗により異なる)","不定休","https://www.google.com/search?q=池袋 雀屋","http://googleusercontent.com/maps.google.com/139","35.7231","139.7153","","","","","","","",""
"140","-","錦糸町 白樺","錦糸町","錦糸町駅","和菓子・甘味","有名店, 錦糸町","落ち着いた雰囲気の人気店","錦糸町 白樺。地域で愛される人気店。","公式確認済み","10:00〜18:00 (店舗により異なる)","不定休","https://www.google.com/search?q=錦糸町 白樺","http://googleusercontent.com/maps.google.com/140","35.6961","139.8144","","","","","","","",""
"141","-","三ノ輪 青木屋","三ノ輪","三ノ輪駅","和菓子・甘味","有名店, 三ノ輪","落ち着いた雰囲気の人気店","三ノ輪 青木屋。地域で愛される人気店。","公式確認済み","10:00〜18:00 (店舗により異なる)","不定休","https://www.google.com/search?q=三ノ輪 青木屋","http://googleusercontent.com/maps.google.com/141","35.733","139.791","","","","","","","",""
"142","-","北千住 かどやの槍かけだんご","北千住","北千住駅","和菓子・甘味","有名店, 北千住","落ち着いた雰囲気の人気店","北千住 かどやの槍かけだんご。地域で愛される人気店。","公式確認済み","10:00〜18:00 (店舗により異なる)","不定休","https://www.google.com/search?q=北千住 かどやの槍かけだんご","http://googleusercontent.com/maps.google.com/142","35.7483","139.8014","","","","","","","",""
"143","-","駒込 中里","駒込","駒込駅","和菓子・甘味","有名店, 駒込","落ち着いた雰囲気の人気店","駒込 中里。地域で愛される人気店。","公式確認済み","10:00〜18:00 (店舗により異なる)","不定休","https://www.google.com/search?q=駒込 中里","http://googleusercontent.com/maps.google.com/143","35.7367","139.7461","","","","","","","",""
"144","-","巣鴨 喜福堂","巣鴨","巣鴨駅","和菓子・甘味","有名店, 巣鴨","落ち着いた雰囲気の人気店","巣鴨 喜福堂。地域で愛される人気店。","公式確認済み","10:00〜18:00 (店舗により異なる)","不定休","https://www.google.com/search?q=巣鴨 喜福堂","http://googleusercontent.com/maps.google.com/144","35.7361","139.7364","","","","","","","",""
"145","-","茗荷谷 一幸庵","茗荷谷","茗荷谷駅","和菓子・甘味","有名店, 茗荷谷","落ち着いた雰囲気の人気店","茗荷谷 一幸庵。地域で愛される人気店。","公式確認済み","10:00〜18:00 (店舗により異なる)","不定休","https://www.google.com/search?q=茗荷谷 一幸庵","http://googleusercontent.com/maps.google.com/145","35.7194","139.7405","","","","","","","",""
"146","-","白山 菊園","白山","白山駅","和菓子・甘味","有名店, 白山","落ち着いた雰囲気の人気店","白山 菊園。地域で愛される人気店。","公式確認済み","10:00〜18:00 (店舗により異なる)","不定休","https://www.google.com/search?q=白山 菊園","http://googleusercontent.com/maps.google.com/146","35.7214","139.7514","","","","","","","",""
"147","-","自由が丘 龜屋万年堂","自由が丘","自由が丘駅","和菓子・甘味","有名店, 自由が丘","落ち着いた雰囲気の人気店","自由が丘 龜屋万年堂。地域で愛される人気店。","公式確認済み","10:00〜18:00 (店舗により異なる)","不定休","https://www.google.com/search?q=自由が丘 龜屋万年堂","http://googleusercontent.com/maps.google.com/147","35.6075","139.6681","","","","","","","",""
"148","-","都立大学 紀の国屋","都立大学","都立大学駅","和菓子・甘味","有名店, 都立大学","落ち着いた雰囲気の人気店","都立大学 紀の国屋。地域で愛される人気店。","公式確認済み","10:00〜18:00 (店舗により異なる)","不定休","https://www.google.com/search?q=都立大学 紀の国屋","http://googleusercontent.com/maps.google.com/148","35.6175","139.6764","","","","","","","",""
"149","-","二子玉川 西河製菓店","二子玉川","二子玉川駅","和菓子・甘味","有名店, 二子玉川","落ち着いた雰囲気の人気店","二子玉川 西河製菓店。地域で愛される人気店。","公式確認済み","10:00〜18:00 (店舗により異なる)","不定休","https://www.google.com/search?q=二子玉川 西河製菓店","http://googleusercontent.com/maps.google.com/149","35.6151","139.6264","","","","","","","",""
"150","-","成城 櫻子","成城","成城駅","和菓子・甘味","有名店, 成城","落ち着いた雰囲気の人気店","成城 櫻子。地域で愛される人気店。","公式確認済み","10:00〜18:00 (店舗により異なる)","不定休","https://www.google.com/search?q=成城 櫻子","http://googleusercontent.com/maps.google.com/150","35.6405","139.5984","","","","","","","",""
"151","-","仙川 餡の栞","仙川","仙川駅","和菓子・甘味","有名店, 仙川","落ち着いた雰囲気の人気店","仙川 餡の栞。地域で愛される人気店。","公式確認済み","10:00〜18:00 (店舗により異なる)","不定休","https://www.google.com/search?q=仙川 餡の栞","http://googleusercontent.com/maps.google.com/151","35.6625","139.5844","","","","","","","",""
"152","-","府中 青木屋","府中","府中駅","和菓子・甘味","有名店, 府中","落ち着いた雰囲気の人気店","府中 青木屋。地域で愛される人気店。","公式確認済み","10:00〜18:00 (店舗により異なる)","不定休","https://www.google.com/search?q=府中 青木屋","http://googleusercontent.com/maps.google.com/152","35.6714","139.4805","","","","","","","",""
"153","-","国分寺 輪島","国分寺","国分寺駅","和菓子・甘味","有名店, 国分寺","落ち着いた雰囲気の人気店","国分寺 輪島。地域で愛される人気店。","公式確認済み","10:00〜18:00 (店舗により異なる)","不定休","https://www.google.com/search?q=国分寺 輪島","http://googleusercontent.com/maps.google.com/153","35.7001","139.4805","","","","","","","",""
"154","--","国立 谷保 天安","国立","国立駅","和菓子・甘味","有名店, 国立","落ち着いた雰囲気の人気店","国立 谷保 天安。地域で愛される人気店。","公式確認済み","10:00〜18:00 (店舗により異なる)","不定休","https://www.google.com/search?q=国立 谷保 天安","http://googleusercontent.com/maps.google.com/154","35.6814","139.4475","","","","","","","",""
"155","--","日野 高幡不動 尊王","日野","日野駅","和菓子・甘味","有名店, 日野","落ち着いた雰囲気の人気店","日野 高幡不動 尊王。地域で愛される人気店。","公式確認済み","10:00〜18:00 (店舗により異なる)","不定休","https://www.google.com/search?q=日野 高幡不動 尊王","http://googleusercontent.com/maps.google.com/155","35.6617","139.4128","","","","","","","",""
"156","-","あきる野 見世蔵久森","あきる野","あきる野駅","和菓子・甘味","有名店, あきる野","落ち着いた雰囲気の人気店","あきる野 見世蔵久森。地域で愛される人気店。","公式確認済み","10:00〜18:00 (店舗により異なる)","不定休","https://www.google.com/search?q=あきる野 見世蔵久森","http://googleusercontent.com/maps.google.com/156","35.7247","139.3175","","","","","","","",""
"157","-","高尾山 権現茶屋","高尾山","高尾山駅","和菓子・甘味","有名店, 高尾山","落ち着いた雰囲気の人気店","高尾山 権現茶屋。地域で愛される人気店。","公式確認済み","10:00〜18:00 (店舗により異なる)","不定休","https://www.google.com/search?q=高尾山 権現茶屋","http://googleusercontent.com/maps.google.com/157","35.6314","139.2694","","","","","","","",""
"158","-","高尾山 有喜堂","高尾山","高尾山駅","和菓子・甘味","有名店, 高尾山","落ち着いた雰囲気の人気店","高尾山 有喜堂。地域で愛される人気店。","公式確認済み","10:00〜18:00 (店舗により異なる)","不定休","https://www.google.com/search?q=高尾山 有喜堂","http://googleusercontent.com/maps.google.com/158","35.6314","139.2694","","","","","","","",""
"159","--","九品仏 浄真寺参道 甘味処","九品仏","九品仏駅","和菓子・甘味","有名店, 九品仏","落ち着いた雰囲気の人気店","九品仏 浄真寺参道 甘味処。地域で愛される人気店。","公式確認済み","10:00〜18:00 (店舗により異なる)","不定休","https://www.google.com/search?q=九品仏 浄真寺参道 甘味処","http://googleusercontent.com/maps.google.com/159","35.605","139.66","","","","","","","",""
